{"client_meta":{"background_color":{"r":0.9607843160629272,"g":0.9607843160629272,"b":0.9607843160629272,"a":1},"thumbnail_size":{"width":386,"height":400},"render_coordinates":{"x":-3205.47265625,"y":-1862.6817626953125,"width":14967.47265625,"height":15496.681640625}},"file_name":"Squad Conteúdo","developer_related_links":[],"exported_at":"2026-04-30T12:32:55.349Z"}